1,2019-07-30,20190730-chikazu.png
2,2019-07-30,20190730-hejichika.png
3,2019-08-03,20190803-heji.png
4,2019-08-17,20190817-heji.png
5,2019-08-29,20190829-chikazu.png
6,2019-09-23,20190923-chikazu.png
7,2019-11-25,20191125-heji.png
8,2019-12-27,20191227-heji.png
9,2020-01-26,20200126-chikazu.png
10,2020-02-08,20200208-heji.png
11,2020-03-30,20200330-heji-ken.png
12,2020-05-04,20200504-heji.png
13,2020-09-12,20200912-chikazu-ken.png
14,2020-09-12,20200912-heji.png
15,2020-09-30,20200930-chikazu-ken.png
16,2020-12-09,20201209-ken.png
17,2020-12-19,20201219-heji.png
18,2021-01-11,20210111-heji.png
19,2021-02-23,20210223-chikazu.png
20,2021-02-26,20210226-chikazu.png
21,2021-04-11,20210411-shinohara.png
22,2021-04-16,20210416-heji.png
23,2021-05-05,20210505.png
24,2021-05-16,20210516-chikazu.png
25,2021-07-18,20210718-hejishino.png
26,2021-08-13,20210813-hejishino.png
27,2021-08-22,20210822-heji.png
28,2022-05-03,20220503-heji.png
29,2022-05-14,20220514-heji.png